pkt len (byte),1426.0
src,3.0
dst,3.0
TI0,8.258465028355387
TI1,8.258465028355387
TI2,8.258465028355387
TI3,8.258465028355387
load_dst0_0,26.0
load_dst1_0,26.0
load_dst2_0,26.0
load_dst3_0,26.0
inter_arr_sys,1.0088919999999997
